City_ID,City,Country,Date,Lat,Lng,Max Temp,Humidity,Cloudiness,Wind Speed
0,Jamestown,US,2020-12-29 01:09:28,42.1,-79.24,30.0,86,90,10.6
1,Luanda,AO,2020-12-29 01:12:41,-8.84,13.23,77.0,83,75,2.24
2,Keetmanshoop,NA,2020-12-29 01:13:34,-26.58,18.13,74.39,33,9,10.63
3,Saskylakh,RU,2020-12-29 01:13:34,71.92,114.08,-15.29,87,100,22.44
4,Carnarvon,AU,2020-12-29 01:13:34,-24.87,113.63,80.6,83,90,3.36
5,Boysun,UZ,2020-12-29 01:13:34,38.21,67.2,22.41,77,0,4.34
6,Vaini,TO,2020-12-29 01:13:35,-21.2,-175.2,84.2,74,75,4.7
7,Bengkulu,ID,2020-12-29 01:13:35,-3.8,102.27,75.87,84,100,6.76
8,Hermanus,ZA,2020-12-29 01:13:35,-34.42,19.23,64.99,83,98,5.77
9,Cape Town,ZA,2020-12-29 01:10:13,-33.93,18.42,64.99,77,40,6.93
10,Kirkuk,IQ,2020-12-29 01:13:36,35.47,44.39,48.88,48,100,3.27
11,Punta Arenas,CL,2020-12-29 01:13:20,-53.15,-70.92,50.0,71,0,8.05
12,Ushuaia,AR,2020-12-29 01:09:07,-54.8,-68.3,46.4,93,75,5.82
13,Severo-Kurilsk,RU,2020-12-29 01:13:36,50.68,156.12,21.63,95,100,42.32
14,Saint-Pierre,RE,2020-12-29 01:13:37,-21.34,55.48,77.0,61,0,12.75
15,Lebu,CL,2020-12-29 01:13:37,-37.62,-73.65,58.1,92,54,3.51
16,Mount Gambier,AU,2020-12-29 01:13:37,-37.83,140.77,60.8,82,90,14.99
17,Yacuiba,BO,2020-12-29 01:13:37,-22.04,-63.68,79.61,52,29,5.14
18,Atuona,PF,2020-12-29 01:13:37,-9.8,-139.03,78.69,72,0,14.25
19,Bredasdorp,ZA,2020-12-29 01:13:38,-34.53,20.04,64.4,77,45,2.24
20,Thompson,CA,2020-12-29 01:13:26,55.74,-97.86,6.8,84,90,12.75
21,Kapaa,US,2020-12-29 01:13:38,22.08,-159.32,79.0,69,1,8.05
22,Port Elizabeth,ZA,2020-12-29 01:13:39,-33.92,25.57,66.2,93,1,11.41
23,Kuytun,RU,2020-12-29 01:13:39,54.34,101.5,-29.52,82,0,3.24
24,Rikitea,PF,2020-12-29 01:13:39,-23.12,-134.97,78.66,78,100,16.75
25,Uruzgan,AF,2020-12-29 01:13:39,32.83,66.0,20.91,63,0,9.91
26,Ulaangom,MN,2020-12-29 01:13:40,49.98,92.07,-24.02,85,99,2.53
27,Svobodnyy,RU,2020-12-29 01:13:40,51.4,128.13,-22.25,83,19,3.47
28,High Level,CA,2020-12-29 01:13:40,58.52,-117.14,-9.4,83,5,2.24
29,Lata,PT,2020-12-29 01:13:41,40.16,-8.33,54.0,71,75,17.22
30,Naze,JP,2020-12-29 01:13:41,28.37,129.48,71.6,73,75,14.99
31,Mataura,NZ,2020-12-29 01:13:41,-46.19,168.86,73.99,50,21,5.01
32,Port Alfred,ZA,2020-12-29 01:13:41,-33.59,26.89,64.0,94,7,13.56
33,Barrow,US,2020-12-29 01:13:42,71.29,-156.79,-0.4,77,40,9.17
34,East London,ZA,2020-12-29 01:13:42,-33.02,27.91,72.23,84,6,15.28
35,Saint-Philippe,RE,2020-12-29 01:13:42,-21.36,55.77,77.0,61,0,12.75
36,Sahbuz,AZ,2020-12-29 01:13:42,39.41,45.57,26.26,78,100,0.65
37,Pevek,RU,2020-12-29 01:13:42,69.7,170.31,-23.58,86,0,1.48
38,Chokurdakh,RU,2020-12-29 01:13:43,70.63,147.92,-37.1,84,14,4.27
39,Samarai,PG,2020-12-29 01:13:43,-10.62,150.67,87.13,68,100,12.55
40,Shimoda,JP,2020-12-29 01:13:43,34.67,138.95,53.6,71,75,2.24
41,Dikson,RU,2020-12-29 01:13:43,73.51,80.55,-25.64,86,76,9.35
42,Beringovskiy,RU,2020-12-29 01:13:44,63.05,179.32,24.71,98,100,21.21
43,Palmer,US,2020-12-29 01:13:44,42.16,-72.33,44.6,89,75,8.05
44,Longyearbyen,SJ,2020-12-29 01:13:44,78.22,15.64,28.4,79,75,27.51
45,Maldonado,UY,2020-12-29 01:13:44,-34.67,-54.92,70.0,83,0,11.41
46,Telimele,GN,2020-12-29 01:13:45,10.92,-13.33,67.53,92,52,0.69
47,Wokha,IN,2020-12-29 01:11:20,26.1,94.27,37.49,100,12,3.36
48,Puro,PH,2020-12-29 01:13:45,12.48,123.38,81.63,80,92,4.36
49,Hobart,AU,2020-12-29 01:13:45,-42.88,147.33,68.0,42,75,18.34
50,Faya,SA,2020-12-29 01:13:46,18.39,42.45,51.8,49,0,1.45
51,Chapais,CA,2020-12-29 01:08:58,49.78,-74.85,8.6,78,90,13.87
52,Trat,TH,2020-12-29 01:13:46,12.5,102.5,81.0,85,100,1.52
53,Saint-Augustin,CA,2020-12-29 01:13:46,51.23,-58.65,28.89,93,100,12.3
54,Ribeira Grande,PT,2020-12-29 01:13:47,38.52,-28.7,57.51,74,100,18.59
55,Bethel,US,2020-12-29 01:13:47,41.37,-73.41,41.0,74,75,6.42
56,Busselton,AU,2020-12-29 01:13:47,-33.65,115.33,79.0,43,0,3.0
57,Dubai,AE,2020-12-29 01:12:03,25.26,55.3,62.6,59,0,2.24
58,Ramgarh,IN,2020-12-29 01:13:47,23.63,85.52,53.6,66,0,2.44
59,Bluff,NZ,2020-12-29 01:13:48,-46.6,168.33,73.99,50,0,5.01
60,Ostrovnoy,RU,2020-12-29 01:13:48,68.05,39.51,19.54,93,100,17.78
61,Alice,US,2020-12-29 01:13:48,27.75,-98.07,73.4,69,90,18.34
62,Faanui,PF,2020-12-29 01:13:48,-16.48,-151.75,81.14,70,70,8.3
63,Airai,TL,2020-12-29 01:13:49,-8.93,125.41,72.5,72,54,2.57
64,San Miguel,SV,2020-12-29 01:13:49,13.48,-88.18,74.46,57,0,1.21
65,San Carlos De Bariloche,AR,2020-12-29 01:11:19,-41.15,-71.31,66.2,39,0,17.22
66,Luderitz,NA,2020-12-29 01:13:49,-26.65,15.16,59.0,82,15,13.87
67,Provideniya,RU,2020-12-29 01:13:50,64.38,-173.3,24.8,85,90,17.9
68,Kamenka,RU,2020-12-29 01:13:50,51.32,42.77,12.0,90,64,8.72
69,Souillac,MU,2020-12-29 01:13:50,-20.52,57.52,77.0,73,75,6.93
70,Mount Pleasant,US,2020-12-29 01:13:50,32.79,-79.86,51.01,100,1,5.93
71,Yellowknife,CA,2020-12-29 01:09:35,62.46,-114.35,3.2,84,90,6.93
72,Zhigansk,RU,2020-12-29 01:13:51,66.77,123.37,-5.69,88,100,20.98
73,Aksay,RU,2020-12-29 01:13:51,47.26,39.87,32.0,97,90,24.61
74,Vardo,NO,2020-12-29 01:13:51,70.37,31.11,28.56,94,100,20.4
75,Richards Bay,ZA,2020-12-29 01:13:51,-28.78,32.04,72.03,80,0,10.02
76,Georgetown,MY,2020-12-29 01:11:56,5.41,100.34,80.6,88,20,1.12
77,Ancud,CL,2020-12-29 01:13:52,-41.87,-73.82,64.0,77,0,10.29
78,Hue,VN,2020-12-29 01:13:52,16.47,107.6,68.0,94,20,4.7
79,Usinsk,RU,2020-12-29 01:13:52,65.99,57.53,-25.55,86,93,1.39
80,Kodiak,US,2020-12-29 01:13:52,57.79,-152.41,37.4,88,20,5.82
81,Chumikan,RU,2020-12-29 01:13:53,54.72,135.31,-21.64,77,100,23.15
82,Kieta,PG,2020-12-29 01:13:53,-6.22,155.63,83.5,72,100,2.95
83,Aksarka,RU,2020-12-29 01:13:53,66.56,67.8,-14.57,89,100,11.9
84,Garcia,MX,2020-12-29 01:13:53,25.82,-100.58,75.2,38,5,8.05
85,Boma,GH,2020-12-29 01:13:53,7.08,-2.17,68.99,58,0,1.97
86,Clarence Town,AU,2020-12-29 01:13:54,-32.58,151.78,72.0,88,90,10.29
87,Khatanga,RU,2020-12-29 01:13:54,71.97,102.5,-31.4,83,80,15.97
88,Padang,ID,2020-12-29 01:13:54,-0.95,100.35,76.33,85,100,5.19
89,Bambous Virieux,MU,2020-12-29 01:13:54,-20.34,57.76,77.0,73,75,6.93
90,Qaanaaq,GL,2020-12-29 01:13:55,77.48,-69.36,21.58,92,100,9.71
91,Ovalle,CL,2020-12-29 01:13:55,-30.6,-71.2,59.09,76,0,2.59
92,Albany,US,2020-12-29 01:13:55,42.6,-73.97,39.99,68,77,5.26
93,Naron,ES,2020-12-29 01:13:56,43.52,-8.15,50.0,87,100,10.29
94,Esmeraldas,BR,2020-12-29 01:13:41,-19.76,-44.31,73.4,64,0,4.7
95,Namibe,AO,2020-12-29 01:13:56,-15.2,12.15,71.02,81,100,3.98
96,Kastamonu,TR,2020-12-29 01:13:56,41.5,33.67,36.18,82,0,1.63
97,Puerto Ayora,EC,2020-12-29 01:13:57,-0.74,-90.35,73.99,92,85,4.0
98,Tanete,ID,2020-12-29 01:13:57,-3.94,119.78,80.55,70,100,2.28
99,Te Anau,NZ,2020-12-29 01:12:06,-45.42,167.72,70.41,35,100,3.6
100,Godda,IN,2020-12-29 01:13:57,24.83,87.22,54.48,49,0,1.83
101,Walvis Bay,NA,2020-12-29 01:13:58,-22.96,14.51,63.0,88,100,11.41
102,Avarua,CK,2020-12-29 01:13:58,-21.21,-159.78,84.2,70,72,11.41
103,Mersing,MY,2020-12-29 01:13:58,2.43,103.84,80.6,83,20,5.82
104,Portland,US,2020-12-29 01:12:45,45.52,-122.68,42.01,82,0,2.91
105,Cabo San Lucas,MX,2020-12-29 01:11:48,22.89,-109.91,78.8,68,5,12.75
106,Upernavik,GL,2020-12-29 01:13:59,72.79,-56.15,26.83,95,100,22.86
107,Khash,IR,2020-12-29 01:13:59,28.22,61.22,35.74,58,0,6.2
108,Makakilo City,US,2020-12-29 01:10:31,21.35,-158.09,82.4,58,1,6.93
109,Atar,MR,2020-12-29 01:13:59,20.52,-13.05,73.87,31,100,4.5
110,Mahebourg,MU,2020-12-29 01:14:00,-20.41,57.7,77.0,73,75,6.93
111,Ostersund,SE,2020-12-29 01:14:00,63.18,14.64,30.2,92,90,12.75
112,Butaritari,KI,2020-12-29 01:14:00,3.07,172.79,81.32,80,100,19.73
113,Skibbereen,IE,2020-12-29 01:14:00,51.55,-9.27,39.2,70,75,18.34
114,Ampanihy,MG,2020-12-29 01:14:01,-24.7,44.75,76.24,68,100,5.19
115,Cidreira,BR,2020-12-29 01:14:01,-30.18,-50.21,73.17,81,75,17.43
116,Vao,NC,2020-12-29 01:14:02,-22.67,167.48,77.85,78,52,18.75
117,Itarema,BR,2020-12-29 01:14:02,-2.92,-39.92,80.17,76,89,16.78
118,San Patricio,US,2020-12-29 01:14:02,28.02,-97.52,71.6,78,75,18.34
119,Kaitangata,NZ,2020-12-29 01:14:03,-46.28,169.85,61.0,75,100,13.0
120,Lorengau,PG,2020-12-29 01:14:03,-2.02,147.27,86.27,57,96,6.04
121,Khandyga,RU,2020-12-29 01:14:04,62.67,135.6,-48.08,77,68,1.03
122,New Norfolk,AU,2020-12-29 01:14:04,-42.78,147.06,68.0,58,100,1.99
123,Metro,ID,2020-12-29 01:14:04,-5.11,105.31,77.13,85,100,7.23
124,Poum,NC,2020-12-29 01:14:05,-20.23,164.02,82.44,75,25,14.79
125,Arraial Do Cabo,BR,2020-12-29 01:14:05,-22.97,-42.03,77.0,78,40,14.99
126,Mogadishu,SO,2020-12-29 01:14:06,2.04,45.34,78.85,81,76,17.65
127,Qiongshan,CN,2020-12-29 01:14:06,20.01,110.35,69.8,100,75,8.95
128,Abu Samrah,SY,2020-12-29 01:14:07,35.3,37.18,46.36,62,0,6.8
129,Kargasok,RU,2020-12-29 01:14:07,59.06,80.86,-9.2,85,100,16.98
130,Cockburn Town,TC,2020-12-29 01:14:07,21.46,-71.14,77.0,73,40,8.05
131,Hilo,US,2020-12-29 01:12:44,19.73,-155.09,82.4,58,20,9.17
132,Umm Kaddadah,SD,2020-12-29 01:14:08,13.6,26.69,66.15,28,0,13.27
133,Sitka,US,2020-12-29 01:14:09,57.05,-135.33,42.8,60,90,14.99
134,Bonthe,SL,2020-12-29 01:14:09,7.53,-12.51,78.48,86,100,6.04
135,Ejido,VE,2020-12-29 01:14:09,8.55,-71.24,65.48,68,95,0.78
136,Ponta Do Sol,PT,2020-12-29 01:14:09,32.67,-17.1,59.0,58,75,11.41
137,Yulara,AU,2020-12-29 01:14:10,-25.24,130.99,77.0,15,0,19.46
138,Hasaki,JP,2020-12-29 01:14:10,35.73,140.83,48.2,70,75,5.82
139,Torbay,CA,2020-12-29 01:14:10,47.67,-52.73,26.6,86,40,2.24
140,Dumas,US,2020-12-29 01:14:10,35.87,-101.97,37.99,59,90,18.34
141,Fairbanks,US,2020-12-29 01:09:55,64.84,-147.72,15.8,85,75,3.36
142,Kloulklubed,PW,2020-12-29 01:14:11,7.04,134.26,82.4,88,90,10.29
143,Kavieng,PG,2020-12-29 01:14:11,-2.57,150.8,86.0,63,92,9.51
144,Phalaborwa,ZA,2020-12-29 01:14:11,-23.94,31.14,73.4,94,67,4.7
145,Katsuura,JP,2020-12-29 01:14:11,35.13,140.3,59.0,61,75,2.24
146,Sorland,NO,2020-12-29 01:14:12,67.67,12.69,39.56,73,99,21.41
147,Saldanha,ZA,2020-12-29 01:14:12,-33.01,17.94,60.8,77,0,3.36
148,Isangel,VU,2020-12-29 01:14:12,-19.55,169.27,83.39,73,84,17.65
149,Flin Flon,CA,2020-12-29 01:14:12,54.77,-101.86,10.4,85,90,6.93
150,Sabha,LY,2020-12-29 01:14:13,27.04,14.43,50.02,46,0,9.48
151,Diego De Almagro,CL,2020-12-29 01:14:13,-26.37,-70.05,59.68,55,1,2.24
152,Grindavik,IS,2020-12-29 01:14:13,63.84,-22.43,28.4,63,75,8.05
153,Tevaitoa,PF,2020-12-29 01:14:13,-16.78,-151.5,81.63,67,89,6.08
154,Mishan,CN,2020-12-29 01:14:13,45.55,131.88,-9.69,85,0,6.73
155,Dawson Creek,CA,2020-12-29 01:11:13,55.77,-120.24,24.8,62,1,5.82
156,Chuy,UY,2020-12-29 01:14:14,-33.7,-53.46,65.1,94,0,3.98
157,Qasigiannguit,GL,2020-12-29 01:14:14,68.82,-51.19,26.6,68,47,8.05
158,Olafsvik,IS,2020-12-29 01:14:15,64.89,-23.71,30.16,89,100,5.23
159,Vestmannaeyjar,IS,2020-12-29 01:14:15,63.44,-20.27,28.33,91,0,19.22
160,Noumea,NC,2020-12-29 01:09:47,-22.28,166.46,86.0,58,75,5.82
161,Gallipoli,TR,2020-12-29 01:14:15,40.41,26.67,60.01,67,20,16.11
162,Quartz Hill,US,2020-12-29 01:14:16,34.65,-118.22,41.0,86,40,4.7
163,Byron Bay,AU,2020-12-29 01:10:03,-28.65,153.62,82.4,58,40,14.99
164,Zhezkazgan,KZ,2020-12-29 01:14:16,47.8,67.71,0.66,91,62,4.76
165,Devils Lake,US,2020-12-29 01:14:16,48.11,-98.87,7.0,91,1,3.36
166,Tura,IN,2020-12-29 01:14:17,25.52,90.22,55.65,76,0,2.39
167,Korla,CN,2020-12-29 01:14:17,41.76,86.15,17.53,86,0,5.82
168,Vanimo,PG,2020-12-29 01:14:17,-2.67,141.3,87.26,61,100,1.32
169,Tucurui,BR,2020-12-29 01:14:17,-3.77,-49.67,75.96,86,47,2.42
170,Udachnyy,RU,2020-12-29 01:14:18,66.42,112.4,-16.6,82,75,8.95
171,Tuktoyaktuk,CA,2020-12-29 01:14:18,69.45,-133.04,-7.6,76,75,1.59
172,Bela,IN,2020-12-29 01:14:18,25.93,81.98,52.32,51,0,4.41
173,Esperance,AU,2020-12-29 01:14:18,-33.87,121.9,68.0,45,100,13.87
174,Ternate,ID,2020-12-29 01:14:18,0.8,127.4,83.8,69,100,3.83
175,Yar-Sale,RU,2020-12-29 01:14:19,66.83,70.83,-11.25,89,100,12.66
176,Mehamn,NO,2020-12-29 01:14:19,71.04,27.85,24.37,94,100,14.7
177,Yurino,RU,2020-12-29 01:14:19,56.29,46.3,6.8,92,90,2.24
178,Lompoc,US,2020-12-29 01:12:40,34.64,-120.46,51.8,87,90,4.7
179,Soyo,AO,2020-12-29 01:14:19,-6.13,12.37,78.06,86,100,4.83
180,Marawi,PH,2020-12-29 01:14:20,8.0,124.29,79.0,85,12,3.0
181,Lazaro Cardenas,MX,2020-12-29 01:14:20,17.96,-102.2,72.77,75,0,4.38
182,Petropavlovsk-Kamchatskiy,RU,2020-12-29 01:13:12,53.05,158.65,8.6,60,100,6.71
183,Kruisfontein,ZA,2020-12-29 01:14:20,-34.0,24.73,63.0,92,16,8.03
184,Ushumun,RU,2020-12-29 01:14:20,52.78,126.53,-13.7,83,100,10.58
185,Bafoulabe,ML,2020-12-29 01:14:21,13.81,-10.83,79.79,23,0,5.93
186,Roma,US,2020-12-29 01:14:21,43.21,-75.46,37.4,59,90,11.41
187,Vanavara,RU,2020-12-29 01:14:21,60.34,102.28,-35.23,82,5,4.92
188,Camocim,BR,2020-12-29 01:14:21,-2.9,-40.84,80.37,71,98,16.49
189,Antofagasta,CL,2020-12-29 01:10:56,-23.65,-70.4,68.0,72,40,6.93
190,Porto Novo,BJ,2020-12-29 01:14:22,6.5,2.6,80.6,88,20,6.93
191,Nosy Varika,MG,2020-12-29 01:14:22,-20.58,48.53,75.65,87,100,2.19
192,Porto Santo,PT,2020-12-29 01:14:22,33.07,-16.34,59.0,67,75,6.93
193,Lavrentiya,RU,2020-12-29 01:14:23,65.58,-171.0,17.92,96,100,15.14
194,Baykit,RU,2020-12-29 01:14:23,61.67,96.37,-30.69,78,5,0.76
195,Champerico,GT,2020-12-29 01:14:23,14.3,-91.92,80.6,69,40,4.7
196,Tasiilaq,GL,2020-12-29 01:14:23,65.61,-37.64,28.4,92,100,3.36
197,Dunedin,NZ,2020-12-29 01:14:23,-45.87,170.5,60.49,66,0,18.14
198,Deputatskiy,RU,2020-12-29 01:14:24,69.3,139.9,-23.67,88,93,3.06
199,Magadan,RU,2020-12-29 01:14:24,59.57,150.8,-5.78,81,100,6.78
200,Husavik,IS,2020-12-29 01:14:24,66.04,-17.34,28.4,68,90,9.17
201,Izumo,JP,2020-12-29 01:14:24,35.37,132.77,39.2,86,75,8.05
202,Vrangel,RU,2020-12-29 01:14:25,42.73,133.08,16.59,75,100,10.22
203,Teya,RU,2020-12-29 01:14:25,60.38,92.63,-26.99,79,0,2.17
204,Victoria,HK,2020-12-29 01:09:32,22.29,114.16,68.0,79,64,9.91
205,Saryg-Sep,RU,2020-12-29 01:14:26,51.5,95.6,-30.86,77,0,3.4
206,Puerto Madero,MX,2020-12-29 01:14:26,14.72,-92.42,80.6,83,75,2.24
207,Loa Janan,ID,2020-12-29 01:14:26,-0.58,117.09,83.86,74,39,2.37
208,Viedma,AR,2020-12-29 01:14:27,-40.81,-63.0,73.0,80,7,1.99
209,Nikolskoye,RU,2020-12-29 01:14:27,59.7,30.79,28.4,74,40,15.66
210,Bisira,PA,2020-12-29 01:14:27,8.52,-81.71,56.73,100,100,4.79
211,Sorong,ID,2020-12-29 01:14:27,-0.88,131.25,84.15,69,100,1.9
212,Pathein,MM,2020-12-29 01:14:28,16.78,94.73,71.73,82,0,5.82
213,Iqaluit,CA,2020-12-29 01:14:28,63.75,-68.51,5.0,65,75,24.16
214,Impfondo,CG,2020-12-29 01:14:28,1.64,18.07,74.71,77,100,1.63
215,Geraldton,AU,2020-12-29 01:14:28,-28.77,114.6,96.8,14,0,27.51
216,Mackay,AU,2020-12-29 01:10:41,-21.15,149.2,79.0,94,90,8.05
217,Bodden Town,KY,2020-12-29 01:14:29,19.28,-81.25,78.01,73,20,16.11
218,Bousso,TD,2020-12-29 01:14:29,10.48,16.71,70.38,23,92,8.03
219,Sfantu Gheorghe,RO,2020-12-29 01:14:30,45.87,25.78,30.0,99,43,13.0
220,Gladstone,AU,2020-12-29 01:13:45,-23.85,151.25,82.4,65,75,12.75
221,Saint George,US,2020-12-29 01:11:27,37.1,-113.58,43.0,70,90,3.36
222,Concordia,AR,2020-12-29 01:14:30,-31.39,-58.02,80.01,65,6,7.18
223,Quatre Cocos,MU,2020-12-29 01:14:31,-20.21,57.76,77.0,73,75,6.93
224,Pochinki,RU,2020-12-29 01:14:31,54.7,44.87,1.98,92,0,4.52
225,Mar Del Plata,AR,2020-12-29 01:14:31,-38.0,-57.56,69.8,88,75,11.41
226,Nanortalik,GL,2020-12-29 01:14:31,60.14,-45.24,27.7,95,93,10.87
227,Sisimiut,GL,2020-12-29 01:14:32,66.94,-53.67,21.42,95,100,11.79
228,Codrington,AU,2020-12-29 01:14:32,-38.27,141.97,66.18,67,80,10.58
229,Kavaratti,IN,2020-12-29 01:14:32,10.57,72.64,81.36,73,0,12.03
230,Notodden,NO,2020-12-29 01:14:33,59.56,9.26,33.01,94,100,5.23
231,Lufilufi,WS,2020-12-29 01:14:33,-13.87,-171.6,89.6,70,40,8.05
232,Ambovombe,MG,2020-12-29 01:14:33,-25.17,46.08,74.57,75,56,4.05
233,Hithadhoo,MV,2020-12-29 01:14:33,-0.6,73.08,81.9,77,79,10.83
234,Katherine,AU,2020-12-29 01:14:32,-14.47,132.27,82.4,78,75,10.29
235,Nome,US,2020-12-29 01:14:34,64.5,-165.41,28.4,92,90,17.22
236,Castro,BR,2020-12-29 01:14:34,-24.79,-50.01,63.86,93,0,4.25
237,Bassila,BJ,2020-12-29 01:14:34,9.01,1.67,71.6,43,0,5.23
238,Wanning,CN,2020-12-29 01:14:35,18.8,110.4,71.96,79,0,4.65
239,West Wendover,US,2020-12-29 01:10:17,40.74,-114.07,32.0,77,90,5.82
240,Kasane,BW,2020-12-29 01:14:35,-17.82,25.15,69.53,89,100,4.09
241,Tiksi,RU,2020-12-29 01:14:36,71.69,128.87,2.19,94,100,4.12
242,Marienburg,PL,2020-12-29 01:14:36,54.04,19.03,41.0,100,100,14.85
243,Baghdad,IQ,2020-12-29 01:11:52,33.34,44.4,53.35,39,100,5.68
244,Payakumbuh,ID,2020-12-29 01:14:36,-0.22,100.63,70.84,89,100,1.88
245,Aksu,CN,2020-12-29 01:14:36,41.12,80.26,15.01,91,14,2.8
246,Rawson,AR,2020-12-29 01:10:29,-43.3,-65.1,79.43,44,95,15.46
247,Westport,US,2020-12-29 01:12:36,41.14,-73.36,43.0,81,40,3.36
248,Balkhash,KZ,2020-12-29 01:14:37,46.84,74.98,3.65,82,0,6.02
249,Sao Filipe,CV,2020-12-29 01:14:37,14.9,-24.5,74.71,78,30,10.2
250,Cascais,PT,2020-12-29 01:14:37,38.7,-9.42,52.0,83,13,18.48
251,Aklavik,CA,2020-12-29 01:14:38,68.22,-135.01,-7.6,83,90,1.63
252,Vryburg,ZA,2020-12-29 01:14:38,-26.96,24.73,72.57,70,100,10.16
253,Nuuk,GL,2020-12-29 01:11:14,64.18,-51.72,24.8,92,51,14.99
254,Tall Kayf,TR,2020-12-29 01:14:39,37.08,41.07,41.0,54,0,6.93
255,Qitaihe,CN,2020-12-29 01:14:39,45.8,130.85,-9.0,83,0,6.58
256,Oyabe,JP,2020-12-29 01:14:40,36.68,136.87,46.0,81,75,5.82
257,Horsham,GB,2020-12-29 01:12:50,51.06,-0.33,37.0,93,75,6.93
258,Touros,BR,2020-12-29 01:14:40,-5.2,-35.46,77.0,78,20,4.7
259,Yenagoa,NG,2020-12-29 01:14:40,4.92,6.26,77.14,90,79,3.2
260,Pocatello,US,2020-12-29 01:13:12,42.87,-112.45,21.0,67,1,5.82
261,Saint-Georges,GD,2020-12-29 01:14:41,12.06,-61.75,78.8,83,20,5.82
262,Meulaboh,ID,2020-12-29 01:14:41,4.14,96.13,76.21,87,99,3.76
263,Merauke,ID,2020-12-29 01:14:41,-8.47,140.33,84.36,74,100,4.23
264,Nurlat,RU,2020-12-29 01:14:42,54.43,50.81,-7.67,92,29,3.65
265,Nyzhnya Duvanka,UA,2020-12-29 01:14:42,49.58,38.17,25.99,96,100,15.05
266,Metapan,SV,2020-12-29 01:14:42,14.33,-89.45,68.0,77,75,4.7
267,Klaksvik,FO,2020-12-29 01:14:42,62.23,-6.59,35.6,80,100,41.38
268,Sal Rei,CV,2020-12-29 01:14:42,16.18,-22.92,69.8,88,90,11.41
269,Dingle,PH,2020-12-29 01:14:43,11.0,122.67,81.34,83,97,4.59
270,Merced,US,2020-12-29 01:14:43,37.17,-120.75,52.0,68,53,5.84
271,Agropoli,IT,2020-12-29 01:14:43,40.35,15.0,51.01,87,100,5.01
272,Hervey Bay,AU,2020-12-29 01:14:43,-25.3,152.85,84.99,65,100,5.01
273,Puerto Quijarro,BO,2020-12-29 01:14:44,-17.78,-57.77,79.05,74,0,2.24
274,Nioro,GM,2020-12-29 01:14:44,13.35,-15.75,76.19,36,2,10.92
275,Belomorsk,RU,2020-12-29 01:14:44,64.52,34.77,19.27,95,100,8.3
276,Bahia Blanca,AR,2020-12-29 01:11:58,-38.72,-62.27,80.96,45,18,10.76
277,Jibuti,DJ,2020-12-29 01:14:45,11.5,42.5,77.0,78,75,3.36
278,Henties Bay,NA,2020-12-29 01:14:45,-22.12,14.28,63.0,88,92,3.02
279,Huron,US,2020-12-29 01:14:45,41.15,-82.55,30.99,86,59,4.0
280,Hami,CN,2020-12-29 01:14:45,42.8,93.45,11.28,75,0,5.12
281,Dhidhdhoo,MV,2020-12-29 01:14:45,6.88,73.1,81.36,69,0,6.17
282,Belmonte,BR,2020-12-29 01:14:46,-15.86,-38.88,75.2,83,0,3.36
283,Tulum,MX,2020-12-29 01:14:46,20.22,-87.47,73.4,64,40,4.7
284,Kununurra,AU,2020-12-29 01:14:46,-15.77,128.73,86.0,74,98,3.36
285,Belen,TR,2020-12-29 01:14:47,36.49,36.22,42.8,75,0,4.7
286,Shache,CN,2020-12-29 01:14:47,38.42,77.24,23.99,89,100,2.84
287,Innisfail,AU,2020-12-29 01:14:47,-17.53,146.03,82.9,79,79,4.63
288,Ayagoz,KZ,2020-12-29 01:14:47,47.97,80.44,-3.44,78,0,4.43
289,Revuca,SK,2020-12-29 01:14:48,48.68,20.12,37.99,86,90,5.82
290,Flinders,AU,2020-12-29 01:14:48,-34.58,150.86,66.99,1,100,4.0
291,Jaque,PA,2020-12-29 01:14:48,7.52,-78.17,76.82,80,100,1.61
292,Buchanan,LR,2020-12-29 01:14:48,5.88,-10.05,78.8,94,20,7.65
293,Noshiro,JP,2020-12-29 01:14:49,40.2,140.02,32.0,96,75,4.7
294,Mirnyy,RU,2020-12-29 01:14:49,62.54,113.96,-2.2,84,98,17.9
295,Olga,RU,2020-12-29 01:14:49,43.74,135.29,9.77,74,100,15.57
296,Bandiagara,ML,2020-12-29 01:14:49,14.35,-3.61,71.6,53,0,4.7
297,Vila Franca Do Campo,PT,2020-12-29 01:14:49,37.72,-25.43,55.4,71,75,9.17
298,Kedrovyy,RU,2020-12-29 01:14:50,56.17,91.82,-40.0,65,20,4.52
299,Saint-Joseph,RE,2020-12-29 01:14:50,-21.37,55.62,77.0,61,0,12.75
300,Chifeng,CN,2020-12-29 01:14:50,42.27,118.96,-17.5,77,0,8.28
301,North Platte,US,2020-12-29 01:10:32,41.12,-100.77,33.8,69,90,12.75
302,Praya,CV,2020-12-29 01:14:51,14.92,-23.51,73.4,83,75,14.99
303,Petrolina,BR,2020-12-29 01:13:05,-9.4,-40.5,78.75,52,0,18.37
304,Taihe,CN,2020-12-29 01:14:51,30.87,105.38,43.14,56,99,23.89
305,Borogontsy,RU,2020-12-29 01:14:52,62.67,131.17,-48.03,76,91,0.67
306,Aykhal,RU,2020-12-29 01:14:52,66.0,111.5,-16.6,82,75,8.95
307,Kamaishi,JP,2020-12-29 01:12:21,39.27,141.88,39.2,55,40,5.82
308,Cherskiy,RU,2020-12-29 01:14:53,68.75,161.3,-36.35,83,34,1.68
309,Narsaq,GL,2020-12-29 01:14:53,60.92,-46.05,30.2,68,67,8.05
310,Cam Ranh,VN,2020-12-29 01:10:38,11.92,109.16,77.0,78,20,5.82
311,Tambovka,RU,2020-12-29 01:14:54,50.1,128.05,-16.6,56,0,6.71
312,Broome,US,2020-12-29 01:14:54,42.25,-75.83,36.0,69,90,9.17
313,Namatanai,PG,2020-12-29 01:14:54,-3.67,152.43,84.6,71,92,9.31
314,Healesville,AU,2020-12-29 01:14:54,-37.65,145.52,68.0,47,0,5.99
315,Shelburne,CA,2020-12-29 01:14:55,44.08,-80.2,27.0,91,67,8.52
316,Buraydah,SA,2020-12-29 01:14:55,26.33,43.98,51.8,93,75,5.82
317,Lhokseumawe,ID,2020-12-29 01:14:55,5.18,97.15,78.24,83,98,3.6
318,Kandra,IN,2020-12-29 01:14:55,22.85,86.05,51.8,93,0,0.76
319,Fare,PF,2020-12-29 01:14:56,-16.7,-151.02,81.12,68,71,5.5
320,Deneysville,ZA,2020-12-29 01:14:56,-26.89,28.1,65.07,83,0,6.24
321,Grand-Lahou,CI,2020-12-29 01:14:56,5.14,-5.02,78.75,87,0,8.88
322,Talnakh,RU,2020-12-29 01:14:56,69.49,88.4,-32.8,73,0,2.24
323,Yarada,IN,2020-12-29 01:14:56,17.65,83.27,64.4,93,0,3.36
324,Micheweni,TZ,2020-12-29 01:14:57,-4.97,39.83,80.8,81,0,11.59
325,Salalah,OM,2020-12-29 01:14:57,17.02,54.09,71.6,49,0,6.93
326,Wilmington,US,2020-12-29 01:11:53,34.23,-77.94,51.8,71,1,4.7
327,Geri,CY,2020-12-29 01:14:57,35.1,33.42,51.8,87,20,4.7
328,Huarmey,PE,2020-12-29 01:11:21,-10.07,-78.15,70.99,79,55,7.4
329,Hobyo,SO,2020-12-29 01:14:58,5.35,48.53,78.87,80,30,22.44
330,Korgen,NO,2020-12-29 01:14:58,66.08,13.82,28.4,74,100,20.8
331,Labuhan,ID,2020-12-29 01:14:58,-6.88,112.21,82.09,76,23,5.28
332,Methoni,GR,2020-12-29 01:14:59,36.82,21.7,57.0,100,14,17.07
333,Laguna,US,2020-12-29 01:14:59,38.42,-121.42,53.6,71,90,3.36
334,Nemuro,JP,2020-12-29 01:14:59,43.32,145.57,19.4,79,20,6.93
335,Beloha,MG,2020-12-29 01:14:59,-25.17,45.05,78.22,60,74,10.02
336,Mackenzie,CA,2020-12-29 01:15:00,55.3,-123.17,23.0,85,90,2.21
337,Thayetmyo,MM,2020-12-29 01:10:20,19.32,95.18,61.56,62,0,4.32
338,Bilibino,RU,2020-12-29 01:15:01,68.05,166.44,-23.13,75,0,0.78
339,Sonoita,MX,2020-12-29 01:15:01,31.85,-112.83,56.66,41,28,5.75
340,Ventspils,LV,2020-12-29 01:15:02,57.39,21.56,37.4,100,90,17.22
341,Kawalu,ID,2020-12-29 01:15:02,-7.38,108.21,79.97,72,58,0.22
342,Severnoye,RU,2020-12-29 01:15:03,56.35,78.36,-2.85,90,100,11.9
343,Solnechnyy,RU,2020-12-29 01:15:03,50.72,136.63,-15.16,80,0,2.19
344,Coihaique,CL,2020-12-29 01:15:04,-45.58,-72.07,64.4,68,90,4.03
345,Karratha,AU,2020-12-29 01:15:04,-20.74,116.85,87.01,60,6,5.7
346,Arrifes,PT,2020-12-29 01:15:07,37.77,-25.7,55.4,71,75,9.17
347,Port Blair,IN,2020-12-29 01:15:07,11.67,92.75,78.8,88,40,4.7
348,Novi Pazar,RS,2020-12-29 01:15:08,43.14,20.51,39.67,78,1,8.12
349,Port Hedland,AU,2020-12-29 01:15:08,-20.32,118.57,91.4,52,53,5.82
350,Norman Wells,CA,2020-12-29 01:15:09,65.28,-126.83,-4.0,83,75,4.7
351,Flagstaff,US,2020-12-29 01:15:09,35.2,-111.65,27.0,92,90,12.75
352,Helong,CN,2020-12-29 01:15:09,42.54,129.0,11.7,82,100,5.14
353,College,US,2020-12-29 01:15:09,64.86,-147.8,15.8,85,75,3.36
354,Mikuni,JP,2020-12-29 01:15:10,36.22,136.15,42.8,87,75,5.82
355,Qui Nhon,VN,2020-12-29 01:12:26,13.77,109.23,72.63,79,82,7.31
356,Warwick,US,2020-12-29 01:14:28,41.7,-71.42,43.0,81,20,4.7
357,Giyani,ZA,2020-12-29 01:15:12,-23.3,30.72,73.51,89,29,6.17
358,Wonthaggi,AU,2020-12-29 01:15:12,-38.6,145.59,71.01,54,0,4.38
359,Jasper,US,2020-12-29 01:11:18,37.2,-94.35,36.0,69,1,3.36
360,San Jeronimo,PE,2020-12-29 01:15:13,-11.95,-75.28,51.4,74,100,1.28
361,Ilulissat,GL,2020-12-29 01:15:13,69.22,-51.1,26.6,68,100,8.05
362,Natal,BR,2020-12-29 01:15:13,-5.79,-35.21,78.8,78,20,11.41
363,Twentynine Palms,US,2020-12-29 01:11:41,34.14,-116.05,53.6,34,1,6.93
364,Caravelas,BR,2020-12-29 01:15:14,-17.71,-39.25,74.53,88,0,5.97
365,Torit,SS,2020-12-29 01:15:14,4.41,32.57,76.78,25,0,3.98
366,Dangriga,BZ,2020-12-29 01:15:14,16.97,-88.23,71.6,94,75,4.7
367,Gondanglegi,ID,2020-12-29 01:15:15,-7.75,112.01,81.23,79,82,3.78
368,Port Moresby,PG,2020-12-29 01:15:15,-9.44,147.18,87.8,70,40,11.41
369,Aquiraz,BR,2020-12-29 01:15:15,-3.9,-38.39,80.6,78,75,13.87
370,Liverpool,GB,2020-12-29 01:14:27,53.41,-2.98,34.0,85,100,2.24
371,Vila Velha,BR,2020-12-29 01:13:21,-20.33,-40.29,77.0,83,75,4.7
372,Akhmim,EG,2020-12-29 01:15:16,26.56,31.75,53.6,66,0,6.93
373,Kutum,SD,2020-12-29 01:15:16,14.2,24.67,57.61,36,0,4.18
374,Ponta Delgada,PT,2020-12-29 01:15:16,37.73,-25.67,55.4,71,75,9.17
375,Gorontalo,ID,2020-12-29 01:15:17,0.54,123.06,83.57,73,100,1.1
376,Gizo,SB,2020-12-29 01:15:17,-8.1,156.84,84.45,69,100,1.34
377,Batagay-Alyta,RU,2020-12-29 01:15:17,67.8,130.41,-6.27,87,100,5.84
378,Puerto Escondido,MX,2020-12-29 01:15:18,15.85,-97.07,75.2,78,75,3.36
379,Pak Chong,TH,2020-12-29 01:15:18,14.71,101.42,82.0,98,28,1.19
380,Pacific Grove,US,2020-12-29 01:14:46,36.62,-121.92,53.6,76,20,9.17
381,Lubawa,PL,2020-12-29 01:15:18,53.5,19.75,41.0,83,98,11.99
382,Santa Ana,US,2020-12-29 01:15:19,33.75,-117.87,53.01,81,90,9.17
383,Arlit,NE,2020-12-29 01:15:19,18.74,7.39,61.11,29,0,3.53
384,Labuan,MY,2020-12-29 01:15:19,5.28,115.24,78.8,94,40,4.7
385,Bandarbeyla,SO,2020-12-29 01:15:19,9.49,50.81,75.54,84,92,22.24
386,Burns Lake,CA,2020-12-29 01:15:19,54.23,-125.75,21.2,92,100,2.24
387,Whitianga,NZ,2020-12-29 01:15:20,-36.83,175.7,68.86,48,0,12.28
388,Biak,ID,2020-12-29 01:15:20,-0.91,122.88,81.19,73,100,2.28
389,Corning,US,2020-12-29 01:15:20,42.14,-77.05,37.4,64,90,13.87
390,Kokopo,PG,2020-12-29 01:15:21,-4.35,152.26,83.37,77,100,6.6
391,Christchurch,NZ,2020-12-29 01:15:21,-43.53,172.63,63.0,55,0,10.29
392,Asau,RO,2020-12-29 01:15:21,46.43,26.4,37.0,83,0,4.47
393,Xique-Xique,BR,2020-12-29 01:15:21,-10.82,-42.73,78.33,64,8,6.51
394,Cairns,AU,2020-12-29 01:11:46,-16.92,145.77,89.01,66,75,5.82
395,Adre,TD,2020-12-29 01:15:22,13.47,22.2,65.57,27,7,9.91
396,Hwange,ZW,2020-12-29 01:15:22,-18.37,26.5,70.45,90,100,1.36
397,Ulaanbaatar,MN,2020-12-29 01:11:18,47.91,106.88,-34.6,65,0,2.24
398,Den Helder,NL,2020-12-29 01:15:22,52.96,4.76,39.2,86,40,6.93
399,Prabumulih,ID,2020-12-29 01:15:23,-3.45,104.25,76.3,94,100,3.04
400,Chengde,CN,2020-12-29 01:15:23,40.97,117.94,-2.43,58,0,12.95
401,Bairiki,KI,2020-12-29 01:15:23,1.33,172.98,80.6,88,75,12.75
402,Kudahuvadhoo,MV,2020-12-29 01:15:23,2.67,72.89,82.36,73,71,9.82
403,Hudson Bay,CA,2020-12-29 01:15:23,52.85,-102.38,7.59,89,98,8.99
404,Diu,IN,2020-12-29 01:15:24,20.71,70.98,58.95,34,0,12.86
405,Ino,JP,2020-12-29 01:15:24,33.55,133.43,48.2,70,75,10.29
406,Inuvik,CA,2020-12-29 01:15:24,68.35,-133.72,-4.0,76,100,2.1
407,Puerto Ayacucho,VE,2020-12-29 01:15:24,5.66,-67.62,77.36,83,100,3.78
408,Chipinge,ZW,2020-12-29 01:15:25,-20.19,32.62,65.95,98,100,4.79
409,Pouebo,NC,2020-12-29 01:15:25,-20.4,164.57,84.36,67,42,11.25
410,Trinidad,BO,2020-12-29 01:15:25,-14.83,-64.9,73.35,96,78,3.0
411,Itoman,JP,2020-12-29 01:13:03,26.12,127.67,73.4,73,75,5.82
412,Roald,NO,2020-12-29 01:15:25,62.58,6.13,41.0,60,72,12.75
413,Havre-Saint-Pierre,CA,2020-12-29 01:15:26,50.23,-63.6,28.4,92,90,16.11
414,Diffa,NE,2020-12-29 01:15:26,13.32,12.61,65.62,27,1,8.41
415,San Rafael Del Sur,NI,2020-12-29 01:15:26,11.85,-86.44,80.6,61,20,9.17
416,Taoudenni,ML,2020-12-29 01:15:26,22.68,-3.98,69.55,23,98,10.78
417,Taltal,CL,2020-12-29 01:15:27,-25.4,-70.48,64.42,76,79,1.48
418,Banjarmasin,ID,2020-12-29 01:15:27,-3.32,114.59,78.8,94,40,4.7
419,Yeppoon,AU,2020-12-29 01:15:27,-23.13,150.73,86.0,55,40,8.05
420,Colomi,BO,2020-12-29 01:15:27,-17.35,-65.87,46.17,94,100,1.01
421,San Cristobal,VE,2020-12-29 01:15:28,7.77,-72.22,64.74,91,59,2.71
422,Maku,IR,2020-12-29 01:15:28,39.29,44.45,27.46,77,100,2.28
423,Terra Santa,BR,2020-12-29 01:15:28,-2.1,-56.49,76.86,80,86,1.54
424,Saint-Paul,RE,2020-12-29 01:15:28,-21.01,55.27,77.0,64,90,13.87
425,Wuwei,CN,2020-12-29 01:15:28,37.93,102.64,14.0,53,99,2.86
426,Aboso,GH,2020-12-29 01:15:29,5.36,-1.95,74.41,93,80,2.13
427,Ambilobe,MG,2020-12-29 01:15:29,-13.2,49.05,74.57,92,100,1.1
428,Clyde River,CA,2020-12-29 01:15:22,70.47,-68.59,1.4,84,41,8.05
429,Alakurtti,RU,2020-12-29 01:15:29,66.97,30.35,24.01,93,100,5.01
430,Zhangye,CN,2020-12-29 01:15:30,38.93,100.45,8.15,88,94,1.92
431,Marsa Matruh,EG,2020-12-29 01:15:30,31.35,27.25,53.6,76,0,4.7
432,San Quintin,MX,2020-12-29 01:15:30,30.48,-115.95,58.3,65,1,13.62
433,Rapsani,GR,2020-12-29 01:15:31,39.9,22.55,48.99,81,40,4.7
434,Tarko-Sale,RU,2020-12-29 01:15:31,64.92,77.78,-11.99,80,100,18.19
435,Etchojoa,MX,2020-12-29 01:15:31,26.92,-109.63,69.01,66,0,1.01
436,Terrace,CA,2020-12-29 01:15:31,54.52,-128.6,32.0,94,90,0.54
437,Mitsamiouli,KM,2020-12-29 01:15:32,-11.38,43.28,81.75,77,100,11.54
438,Sao Felix Do Xingu,BR,2020-12-29 01:15:32,-6.64,-51.99,73.2,87,0,2.13
439,Ngoro,ID,2020-12-29 01:15:33,-7.68,112.26,80.6,88,20,6.93
440,Matay,EG,2020-12-29 01:15:33,28.42,30.78,52.72,77,2,8.14
441,Mardin,TR,2020-12-29 01:15:34,37.31,40.74,41.0,67,0,6.93
442,Saint-Francois,FR,2020-12-29 01:15:34,46.42,3.91,42.8,70,40,12.75
443,Alice Springs,AU,2020-12-29 01:11:53,-23.7,133.88,80.01,20,0,10.29
444,Dawei,MM,2020-12-29 01:15:34,14.08,98.2,76.98,78,0,2.93
445,Chaiya,TH,2020-12-29 01:15:34,9.39,99.2,75.99,100,20,2.24
446,Aasiaat,GL,2020-12-29 01:15:35,68.71,-52.87,17.42,94,93,7.94
447,Inyonga,TZ,2020-12-29 01:15:35,-6.72,32.07,64.33,95,100,0.65
448,Kikwit,CD,2020-12-29 01:15:35,-5.04,18.82,70.59,92,100,2.21
449,Casa Nova,BR,2020-12-29 01:15:36,-9.42,-41.13,80.69,52,0,18.97
450,Araouane,ML,2020-12-29 01:15:36,18.9,-3.53,69.93,23,76,6.58
451,Basoko,CD,2020-12-29 01:15:36,1.24,23.62,72.43,92,100,3.2
452,Shitanjing,CN,2020-12-29 01:15:36,39.23,106.34,-0.6,77,55,2.17
453,Kyrylivka,UA,2020-12-29 01:15:36,46.38,35.37,42.4,89,100,17.38
454,Ahipara,NZ,2020-12-29 01:15:37,-35.17,173.17,65.73,51,0,12.57
455,Rocha,UY,2020-12-29 01:15:37,-34.48,-54.33,63.16,96,0,5.35
456,Bubaque,GW,2020-12-29 01:15:37,11.28,-15.83,78.49,72,0,14.23
457,Turinsk,RU,2020-12-29 01:15:38,58.05,63.7,-9.98,90,100,6.91
458,Muisne,EC,2020-12-29 01:15:38,0.6,-80.03,75.72,81,96,6.29
459,Omsukchan,RU,2020-12-29 01:15:38,62.53,155.8,-27.83,81,100,7.07
460,San Rafael,AR,2020-12-29 01:11:14,-34.62,-68.33,84.0,36,0,6.82
461,Pestretsy,RU,2020-12-29 01:15:38,55.75,49.65,10.4,85,90,4.47
462,Cururupu,BR,2020-12-29 01:15:39,-1.83,-44.87,76.98,85,47,4.14
463,Uige,AO,2020-12-29 01:15:39,-7.61,15.06,66.92,96,100,2.19
464,Pangody,RU,2020-12-29 01:15:39,65.85,74.49,-12.57,89,100,16.84
465,Egvekinot,RU,2020-12-29 01:15:39,66.32,-179.17,-3.17,87,95,21.92
466,Tomatlan,MX,2020-12-29 01:15:40,19.93,-105.25,66.2,88,0,1.61
467,Codajas,BR,2020-12-29 01:15:40,-3.84,-62.06,75.63,94,100,1.14
468,Karpathos,GR,2020-12-29 01:15:40,35.51,27.21,59.0,82,0,8.21
469,Kanker,IN,2020-12-29 01:15:41,20.27,81.49,55.92,54,0,1.48
470,Lady Lake,US,2020-12-29 01:14:12,28.92,-81.92,62.6,72,75,5.82
471,Kinsale,IE,2020-12-29 01:15:41,51.71,-8.53,39.2,81,75,18.34
472,Kaliua,TZ,2020-12-29 01:15:41,-5.06,31.79,64.08,96,94,3.6
473,Isla Mujeres,MX,2020-12-29 01:15:42,21.23,-86.73,75.0,64,20,5.82
474,Lagoa,PT,2020-12-29 01:15:42,39.05,-27.98,56.53,74,100,19.17
475,Charters Towers,AU,2020-12-29 01:15:42,-20.1,146.27,79.23,71,98,11.9
476,Marystown,CA,2020-12-29 01:15:43,47.17,-55.15,31.89,90,93,4.07
477,Ngunguru,NZ,2020-12-29 01:15:43,-35.62,174.5,75.0,40,0,8.99
478,Montepuez,MZ,2020-12-29 01:15:43,-13.13,39.0,70.41,97,100,6.2
479,Berck,FR,2020-12-29 01:15:44,50.4,1.6,39.2,100,75,10.29
480,Verkhniy Fiagdon,RU,2020-12-29 01:15:44,42.83,44.31,28.4,100,100,2.24
481,Thongwa,MM,2020-12-29 01:15:44,16.76,96.53,73.4,88,37,5.82
482,Borba,BR,2020-12-29 01:15:27,-4.39,-59.59,76.05,93,100,1.59
483,Qaqortoq,GL,2020-12-29 01:15:45,60.72,-46.03,30.2,68,94,8.05
484,Virginia Beach,US,2020-12-29 01:14:48,36.85,-75.98,51.01,56,88,1.99
485,Srednekolymsk,RU,2020-12-29 01:15:45,67.45,153.68,-35.36,81,7,3.22
486,Tonshayevo,RU,2020-12-29 01:15:45,57.74,47.01,-5.78,89,0,1.45
487,Cap Malheureux,MU,2020-12-29 01:15:46,-19.98,57.61,73.99,83,100,3.0
488,Praia Da Vitoria,PT,2020-12-29 01:15:46,38.73,-27.07,57.2,71,90,15.5
489,Plast,RU,2020-12-29 01:15:46,54.37,60.81,6.24,92,32,6.42
490,Moerai,PF,2020-12-29 01:15:47,-22.43,-151.33,78.89,67,99,10.13
491,Emba,KZ,2020-12-29 01:15:47,48.83,58.14,17.49,96,98,3.13
492,Suchiapa,MX,2020-12-29 01:15:47,16.62,-93.08,69.8,64,5,11.41
493,Luis Correia,BR,2020-12-29 01:15:47,-2.88,-41.67,81.46,69,64,16.04
494,Cabedelo,BR,2020-12-29 01:15:48,-6.98,-34.83,77.0,78,40,6.93
495,Okahandja,NA,2020-12-29 01:15:48,-21.98,16.92,66.99,76,100,4.61
496,Anadia,BR,2020-12-29 01:15:48,-9.68,-36.3,75.2,88,40,3.36
497,Comodoro Rivadavia,AR,2020-12-29 01:12:34,-45.87,-67.5,73.4,53,0,2.24
498,Birao,CF,2020-12-29 01:15:48,10.28,22.79,71.33,29,0,5.53
499,Bathsheba,BB,2020-12-29 01:15:49,13.22,-59.52,78.8,88,40,3.36
500,Shelabolikha,RU,2020-12-29 01:15:49,53.41,82.62,-11.2,76,0,13.42
501,Heinola,FI,2020-12-29 01:15:49,61.21,26.04,30.2,86,90,14.99
502,Graaff-Reinet,ZA,2020-12-29 01:15:50,-32.25,24.53,66.0,79,0,2.46
503,Dengzhou,CN,2020-12-29 01:15:50,37.81,120.75,24.58,94,100,32.68
504,Beni,CD,2020-12-29 01:15:50,0.5,29.47,63.1,69,3,1.86
505,Timmins,CA,2020-12-29 01:15:50,48.47,-81.33,-2.2,84,20,3.36
506,Maria Chiquita,PA,2020-12-29 01:15:50,9.44,-79.76,77.0,86,100,5.01
507,Grand-Santi,GF,2020-12-29 01:15:51,4.25,-54.38,73.98,89,87,3.65
508,Nguruka,TZ,2020-12-29 01:15:51,-5.11,31.04,66.07,95,100,3.49
509,Bima,ID,2020-12-29 01:15:51,-8.47,118.72,85.26,72,100,1.83
510,Faro,PT,2020-12-29 01:15:51,37.02,-7.93,44.6,93,20,8.05
511,Raudeberg,NO,2020-12-29 01:15:52,61.99,5.14,42.01,61,97,8.41
512,Tarpon Springs,US,2020-12-29 01:15:52,28.15,-82.76,64.99,63,0,4.7
513,Kahului,US,2020-12-29 01:15:52,20.89,-156.47,84.2,51,40,13.87
514,Camaqua,BR,2020-12-29 01:15:53,-30.85,-51.81,69.87,86,47,6.17
515,Saint-Leu,RE,2020-12-29 01:15:53,-21.15,55.28,77.0,61,0,12.75
516,Feni,BD,2020-12-29 01:15:53,23.02,91.41,56.17,77,0,3.89
517,Dudinka,RU,2020-12-29 01:15:54,69.41,86.18,-32.8,73,0,2.24
518,El Jicaro,GT,2020-12-29 01:15:54,14.92,-89.9,75.2,60,20,3.91
519,Alekseyevsk,RU,2020-12-29 01:15:54,57.84,108.35,-25.04,83,100,5.77
520,Valkeala,FI,2020-12-29 01:15:54,60.94,26.8,30.2,86,90,14.99
521,Maryville,US,2020-12-29 01:15:50,35.76,-83.97,46.0,93,40,4.7
522,Dahuk,IQ,2020-12-29 01:15:55,36.87,42.99,44.28,53,100,3.0
523,Brasileia,BR,2020-12-29 01:15:55,-11.02,-68.75,71.37,96,100,1.68
524,Fuengirola,ES,2020-12-29 01:12:52,36.54,-4.62,52.0,62,20,17.22
525,Rengo,CL,2020-12-29 01:15:52,-34.42,-70.87,78.8,41,0,10.29
526,Fortuna,US,2020-12-29 01:15:56,40.6,-124.16,48.99,70,1,3.2
527,Sturgis,US,2020-12-29 01:15:56,41.8,-85.42,26.6,68,1,3.36
528,Sao Raimundo Das Mangabeiras,BR,2020-12-29 01:15:56,-7.02,-45.48,77.63,70,0,3.94
529,Beidao,CN,2020-12-29 01:15:56,34.57,105.89,26.83,70,100,8.14
530,Vuktyl,RU,2020-12-29 01:15:57,63.86,57.31,-19.66,87,90,0.65
531,Carutapera,BR,2020-12-29 01:15:57,-1.2,-46.02,79.2,80,74,8.28
532,Bonfim,BR,2020-12-29 01:15:57,3.08,-59.95,80.92,71,100,4.45
533,Grenfell,AU,2020-12-29 01:15:57,-33.9,148.17,79.14,28,0,5.79
534,Nishihara,JP,2020-12-29 01:15:58,26.18,127.76,73.4,73,75,5.82
535,Bayan,CN,2020-12-29 01:15:58,46.08,127.4,-13.34,87,0,7.72
536,Santos Dumont,BR,2020-12-29 01:15:58,-21.46,-43.55,65.55,95,100,2.37
537,Mitchell,US,2020-12-29 01:15:58,43.71,-98.03,21.2,79,1,3.36
538,Kuandian,CN,2020-12-29 01:15:59,40.73,124.78,14.45,78,100,9.66
